Workbook

Sheet VT Standard configs
A2: Parameter | D2: UNIT | E2: VT schedules export | F2: LD export | G2: warning | H2: ID | K2: Notes | M2: 1 | N2: 2 | O2: 3 | P2: 4 | Q2: 5 | R2: 6 | S2: 7 | T2: 8 | U2: 9
A3: Configuration short name | F3: No | H3: - | M3: =CONCATENATE(M11,"_",M19,"_",M29,"_",M20,"kg-",M22,"ms-",M34,"x",M35,"x",M37,"_",M45) -> Traction - MR_CWT-Left_Front_630kg-1.6ms-1100x1400x2200_2L | N3: =CONCATENATE(N11,"_",N19,"_",N29,"_",N20,"kg-",N22,"ms-",N34,"x",N35,"x",N37,"_",N45) -> Traction - MRL_CWT-Left_Front_1000kg-1.6ms-1100x2100x2200_2L | O3: =CONCATENATE(O11,"_",O19,"_",O29,"_",O20,"kg-",O22,"ms-",O34,"x",O35,"x",O37,"_",O45) -> Traction - MRL_CWT-Right_Front_1275kg-1ms-1200x2300x2300_2R | P3: =CONCATENATE(P11,"_",P19,"_",P29,"_",P20,"kg-",P22,"ms-",P34,"x",P35,"x",P37,"_",P45) -> Traction - MRL_CWT-Left_Front + Rear_1350kg-1.6ms-2000x1500x2300_2C | Q3: =CONCATENATE(Q11,"_",Q19,"_",Q29,"_",Q20,"kg-",Q22,"ms-",Q34,"x",Q35,"x",Q37,"_",Q45) -> Traction - MRL_CWT-Left_Front_1600kg-1ms-2100x1600x2400_2C | R3: =CONCATENATE(R11,"_",R19,"_",R29,"_",R20,"kg-",R22,"ms-",R34,"x",R35,"x",R37,"_",R45) -> Traction - MRL_CWT-Left_Front + Rear_1850kg-1ms-Wrong shapexnon std. Cabin typex2400_2C | S3: =CONCATENATE(S11,"_",S19,"_",S29,"_",S20,"kg-",S22,"ms-",S34,"x",S35,"x",S37,"_",S45) -> Traction - MRL_CWT-Left_Front + Rear_2000kg-1.6ms-1500x2700x2300_4C | T3: =CONCATENATE(T11,"_",T19,"_",T29,"_",T20,"kg-",T22,"ms-",T34,"x",T35,"x",T37,"_",T45) -> Traction - MRL_CWT-Right_Front + Rear_2500kg-1ms-1800x2700x2300_4C | U3: =CONCATENATE(U11,"_",U19,"_",U29,"_",U20,"kg-",U22,"ms-",U34,"x",U35,"x",U37,"_",U45) -> Traction - MRL_CWT-Left_Front + Rear_3500kg-1ms-2100x3000x2400_4C
A4: System name | D4: - | E4: yes | F4: Shaft0.L_SystemTab.SYS_ELEV_DESC | G4: yes | H4: - | X4: Variable formula in the row
A5: Building part | D5: - | E5: yes | F5: No | G5: - | H5: -
A6: Buidlign section | D6: - | E6: yes | F6: no | G6: - | H6: -
A7: Grid position | D7: - | E7: yes | F7: no | G7: - | H7: -
A8: Plan code | D8: - | E8: yes | F8: no | G8: - | H8: -
A9: Drawing No.: internal | D9: - | E9: yes | F9: no | G9: - | H9: -
A11: System category | D11: - | E11: yes | F11: no | G11: - | H11: - | M11: Traction - MR | N11: Traction - MRL | O11: Traction - MRL | P11: Traction - MRL | Q11: Traction - MRL | R11: Traction - MRL | S11: Traction - MRL | T11: Traction - MRL | U11: Traction - MRL
A12: Functions | D12: - | E12: yes | F12: no | G12: - | H12: -
A13: Construction use | D13: [y/n] | E13: yes | F13: no | G13: - | H13: - | M13: no | N13: no | O13: no | P13: no | Q13: no | R13: no | S13: no | T13: no | U13: no
A14: Brand | D14: - | E14: yes | F14: no | G14: - | H14: -
A15: Factory number | D15: - | E15: yes | F15: no | G15: - | H15: -
A17: General Specification
A18: Group Control | D18: - | E18: yes | F18: no | G18: - | H18: -
A19: Counterweight location | D19: - | E19: yes | F19: yes, info | G19: yes | H19: - | M19: CWT-Left | N19: CWT-Left | O19: CWT-Right | P19: CWT-Left | Q19: CWT-Left | R19: CWT-Left | S19: CWT-Left | T19: CWT-Right | U19: CWT-Left
A20: Load capacity | D20: [kg] | E20: yes | F20: Shaft0.L_SystemTab.SYS_ENTERED_LOAD | G20: yes | H20: - | M20: 630 | N20: 1000 | O20: 1275 | P20: 1350 | Q20: 1600 | R20: 1850 | S20: 2000 | T20: 2500 | U20: 3500
A21: Permissible number of persons | D21: [Pers.] | E21: yes | F21: Shaft0.L_SystemTab.SYS_ENTERED_PERSON | G21: yes | H21: - | K21: Keep this as a standard value for each type of lift | M21: 8 | N21: 13 | O21: 17 | P21: 18 | Q21: 21 | R21: 25 | S21: 27 | T21: 33 | U21: 47
A22: Speed | D22: [m/s] | E22: yes | F22: Shaft0.L_SystemTab.SYS_TRAVEL_SPEED_UP | G22: yes | H22: - | M22: 1.6 | N22: 1.6 | O22: 1 | P22: 1.6 | Q22: 1 | R22: 1 | S22: 1.6 | T22: 1 | U22: 1
A23: Acceleration | D23: [m/s²] | E23: yes | F23: no | G23: - | H23: -
A24: Jerk | D24: [m/s³] | E24: yes | F24: no | G24: - | H24: -
A25: Travel height | D25: [m] | E25: yes | F25: no | G25: - | H25: - | M25: 20
A26: Stops | D26: [Stck.] | E26: yes | G26: yes | H26: - | K26: MANUAL | M26: 5
A27: Number of floors | D27: [Stck.] | F27: FLL.FLL_COUNT | G27: yes | H27: - | M27: 6
A28: Number of shaft doors | D28: [Stck.] | E28: yes | F28: no | G28: - | H28: -
A29: Access type | E29: yes | F29: yes, info | G29: yes | H29: - | M29: Front | N29: Front | O29: Front | P29: Front + Rear | Q29: Front | R29: Front + Rear | S29: Front + Rear | T29: Front + Rear | U29: Front + Rear
A30: Accessible rooms / cwt safety | D30: [y/n] | E30: yes | F30: no | G30: - | H30: - | M30: no | N30: no | O30: no | P30: no | Q30: no | R30: no | S30: no | T30: no | U30: no
A32: Layout Information
A33: Cabin type/shape | E33: yes | F33: no | G33: - | M33: Deep | N33: Deep | O33: Deep | P33: Wide | Q33: Wide | R33: Deep | S33: Deep | T33: Deep | U33: Deep
A34: Cabin width (clear) | D34: [mm] | E34: yes | F34: Shaft0.Car.CW | G34: yes | H34: CW1 | K34: RULES | M34: =IF(M33="Deep",1100,"non std. Cabin type") -> 1100 | N34: =IF(N33="Deep",1100,IF(N33="Wide",1600,"Wrong shape")) -> 1100 | O34: =IF(O33="Deep",1200,IF(O33="Wide",2000,"Wrong shape")) -> 1200 | P34: =IF(P33="Wide",2000,"non std. Cabin type") -> 2000 | Q34: =IF(Q33="Deep",1400,IF(Q33="Wide",2100,"Wrong shape")) -> 2100 | R34: =IF(R33="Wide",2100,"Wrong shape") -> Wrong shape | S34: =IF(S33="Deep",1500,"Wrong shape") -> 1500 | T34: =IF(T33="Deep",1800,"Wrong shape") -> 1800 | U34: =IF(U33="Deep",2100,"Wrong shape") -> 2100
A35: Cabin depth (clear) | D35: [mm] | E35: yes | F35: Shaft0.Car.CD | G35: yes | H35: CD1 | K35: RULES | M35: =IF(M34=1100,1400, "non std. Cabin type") -> 1400 | N35: =IF(N34=1100,2100,IF(N34=1600,1400,"non standard width")) -> 2100 | O35: =IF(O34=2000,1500,IF(O34=1200,2300,"non std. Cabin type")) -> 2300 | P35: =IF(P34=2000, 1500,"non std. Cabin type") -> 1500 | Q35: =IF(Q34=1400,2400, IF(Q34=2100,1600,"non std. Cabin type")) -> 1600 | R35: =IF(R34=2100,1800,"non std. Cabin type") -> non std. Cabin type | S35: =IF(S34=1500,2700,"non std. Cabin type") -> 2700 | T35: =IF(T34=1800,2700,"non std. Cabin type") -> 2700 | U35: =IF(U34=2100,3000,"non std. Cabin type") -> 3000
A36: Cladding thickness each wall | D36: [mm] | E36: No | F36: - | G36: yes | H36: - | K36: If no cladding insert 0 | M36: 0 | N36: 0 | O36: 0 | P36: 10 | Q36: 0 | R36: 10 | S36: 10 | T36: 10 | U36: 10
A37: Clear cabin height | D37: [mm] | E37: yes | F37: no | G37: yes | H37: - | K37: Those are the standard values for each lift. Just 1600 has a 2 standard options | M37: 2200 | N37: 2200 | O37: 2300 | P37: 2300 | Q37: =IF(Q34=2100,2400,IF(Q34=1400,2300,"non std.CW")) -> 2400 | R37: 2400 | S37: 2300 | T37: 2300 | U37: 2400
A38: Structural cabin height | D38: [mm] | E38: yes | F38: Shaft0.Car.HEIGHT | G38: yes | H38: - | K38: RULES | M38: =M37+100 -> 2300 | N38: =N37+100 -> 2300 | O38: =O37+100 -> 2400 | P38: =P37+100 -> 2400 | Q38: =Q37+100 -> 2500 | R38: =R37+100 -> 2500 | S38: =S37+100 -> 2400 | T38: 2500 | U38: =U37+100 -> 2500
A39: TÜREINZUG VORNE | D39: [mm] | K39: Standard 30 mm | L39: TBC | M39: 30 | N39: 30 | O39: 30 | P39: 30 | Q39: 30 | R39: 30 | S39: 30 | T39: 30 | U39: 30
A40: MUZ??? | L40: TBC
A41: Door width | D41: [mm] | E41: yes | F41: yes, info | G41: yes | H41: - | M41: 900 | N41: =IF(N34=1100,900,IF(N34=1600,1000,"non standard Car width")) -> 900 | O41: 1100 | P41: 1100 | Q41: =IF(Q34=1400, 1300, IF(Q34=2100, 1200,"non std.CW")) -> 1200 | R41: 1200 | S41: 1300 | T41: 1500 | U41: 1800
A42: Door structural opening width | D42: [mm] | E42: yes | F42: Shaft0.Entries1.E0.Opening.T_AUSBR_B | G42: yes | H42: - | M42: =M41+2*140 -> 1180 | N42: =N41+2*140 -> 1180 | O42: =O41+2*140 -> 1380 | P42: =P41+2*140 -> 1380 | Q42: =Q41+2*140 -> 1480 | R42: =R41+2*140 -> 1480 | S42: =S41+2*140 -> 1580 | T42: =T41+2*140 -> 1780 | U42: =U41+2*140 -> 2080
A43: Door height | D43: [mm] | E43: yes | F43: yes, info | G43: yes | H43: - | K43: is this always clear cabin height -100? | M43: =M37-100 -> 2100 | N43: =N37-100 -> 2100 | O43: =O37-100 -> 2200 | P43: =P37-100 -> 2200 | Q43: =Q37-100 -> 2300 | R43: =R37-100 -> 2300 | S43: =S37-100 -> 2200 | T43: =T37-100 -> 2200 | U43: 2300
A44: Door structural opening height | D44: [mm] | E44: yes | F44: yes, info | G44: yes | H44: - | M44: =M43+140 -> 2240 | N44: =N43+140 -> 2240 | O44: =O43+140 -> 2340 | P44: =P43+140 -> 2340 | Q44: =Q43+140 -> 2440 | R44: =R43+140 -> 2440 | S44: =S43+140 -> 2340 | T44: =T43+140 -> 2340 | U44: =U43+140 -> 2440
A45: Door type | D45: - | E45: yes | F45: yes, info | G45: yes | H45: - | M45: =IF(M19="CWT-Left","2L",IF(M19="CWT-Right","2R","Non std. CTW") ) -> 2L | N45: =IF(N34=1600, "2C", IF(N34=1100, IF(N19="CWT-Left","2L", IF(N19="CWT-Right","2R","wrong CWT") ))) -> 2L | O45: =IF(O34=2000, "2C", IF(O34=1200, IF(O19="CWT-Left","2L", IF(O19="CWT-Right","2R","wrong CWT") ))) -> 2R | P45: 2C | Q45: =IF(Q34=1400,"4C",IF(Q34=2100,"2C","non std. SW")) -> 2C | R45: 2C | S45: 4C | T45: 4C | U45: 4C
A46: Door fixation type | E46: yes | F46: yes, info | G46: yes | K46: MM-Should we have a option here "no rail"? | M46: insert rail 40/22 | N46: insert rail 40/22 | O46: insert rail 40/22 | P46: insert rail 40/22 | Q46: insert rail 40/22 | R46: insert rail 40/22 | S46: insert rail 40/22 | T46: insert rail 40/22 | U46: insert rail 40/22
A47: Permissible sill load / Loading class | D47: - | E47: yes | F47: no | G47: - | H47: - | M47: EN81-40% | N47: EN81-40% | O47: EN81-40% | P47: EN81-40% | Q47: EN81-40% | R47: EN81-40% | S47: EN81-60% | T47: EN81-60% | U47: EN81-60%
A48: LOP type and location | D48: - | E48: yes | F48: yes, info | G48: yes | H48: - | K48: [MM] Here we will need a second choice: if its standard or not | M48: in lift door frame L | N48: in lift door frame L | O48: in lift door frame R | P48: in lift door frame R | Q48: in lift door frame R | R48: flush wall panel L | S48: in lift door frame R | T48: in lift door frame R | U48: in lift door frame R
A49: LIP type and location | D49: - | E49: yes | F49: yes, info | G49: yes | H49: - | K49: [MM] Here we will need a second choice: if its standard or not | M49: door frame side vertical | N49: panel above horizontal | O49: door frame side vertical | P49: door frame side vertical | Q49: door frame side vertical | R49: door frame side vertical | S49: door frame side vertical | T49: door frame side vertical | U49: door frame side vertical
A50: Lift maintenance panel type | D50: - | E50: yes | F50: yes, info | G50: yes | H50: - | M50: inside door jamb | N50: inside door jamb | O50: inside door jamb | P50: inside door jamb | Q50: inside door jamb | R50: inside door jamb | S50: inside door jamb | T50: inside door jamb | U50: inside door jamb
A51: Lift maintenance panel location | D51: - | E51: yes | F51: yes, info | G51: yes | H51: -
A52: KABINENGRUNDFLÄCHE | D52: [m²] | L52: TBC
A53: Shaft equipment fixation type | E53: yes | F53: yes, info | G53: yes | M53: insert rail 50/30 | N53: anchor bolts | O53: anchor bolts | P53: anchor bolts | Q53: anchor bolts | R53: anchor bolts | S53: anchor bolts | T53: anchor bolts | U53: anchor bolts
A54: Shaft width suggested | D54: [mm] | E54: yes | F54: yes, info | G54: yes | H54: - | K54: RULES BASED | M54: =IF(M34=1100,1750+M36*2,"non-std. cabin width") -> 1750 | N54: =IF(N34=1100,1750+N36*2,IF(N34=1600, IF(N30="YES",2350+N36*2,2300+N36*2), "non-std. cabin width" )) -> 1750 | O54: =IF(O34=1200,2000+O36*2,IF(O34=2000,2800+O36*2,"non-std. cabin width")) -> 2000 | P54: =IF(P34=2000,2800+P36*2,"non.std.cabin width") -> 2820 | Q54: =IF(Q34=1400, IF(Q30="YES",2300+M36*2,2350+Q36*2), IF(Q34=2100,2900+Q36*2,"non-std. cabin width" ) ) -> 2900 | R54: =IF(R34=2100,2900+R36*2,"non std. Cabin width") -> non std. Cabin width | S54: =IF(S34=1500,2400+S36*2,"non std. Cabin width") -> 2420 | T54: =IF(T34=1800,2700+T36*2,"non std. Cabin width") -> 2720 | U54: =IF(U34=2100,3300+U36*2,"non std. Cabin width") -> 3320
A55: Shaft width current planning | D55: [mm] | E55: yes | G55: - | H55: -
A56: Shaft division type | D56: - | E56: yes | F56: yes, info | G56: yes | H56: - | K56: only if not simplex | M56: structural wall | N56: structural wall | O56: structural wall | P56: structural wall | Q56: structural wall | R56: structural wall | S56: structural wall | T56: structural wall | U56: structural wall
A57: Shaft division width | D57: [mm] | E57: yes | F57: yes, info | G57: yes | H57: -
A58: Shaft depth suggested | D58: [mm] | E58: yes | F58: yes, info | G58: yes | H58: - | M58: =IF(M35<>1400, "non-std.cabin depth", IF(OR(M29="Front + Rear", M29="Front + Side + Rear"), 2050, IF(OR(M29="Front", M29="Rear"), 1800 + M36, "non-std.cabin depth" ) ) ) -> 1800 | N58: =IF(AND(N35<>1400, N35<>2100), "non-std.cabin depth", IF(OR(N29="Front + REAR", N29="FRONT + SIDE + REAR"), N35 + 650, IF(OR(N29="Front", N29="REAR"), N35 + 500 + N36, "non-std.cabin depth" ) ) ) -> 2600 | O58: =IF(AND(O35<>1500,O35<>2300), "non-std.cabin depth", IF(OR(O29="Front + REAR",O29="FRONT + SIDE + REAR"), O35+650, IF(OR(O29="Front",O29="REAR"), O35+500+O36, "non-std.cabin depth" ) )) -> 2800 | P58: =IF(P35<>1500, "non-std.cabin depth", IF(OR(P29="Front + REAR", P29="FRONT + SIDE + REAR"), P35 + 650, IF(OR(P29="Front", P29="REAR"), P35 + 500 + P36, "non-std.cabin depth" ) ) ) -> 2150 | Q58: =IF(AND(Q35<>1600, Q35<>2400), "non-std.cabin depth", IF(OR(Q29="Front + REAR", Q29="FRONT + SIDE + REAR"), Q35 + 650, IF(OR(Q29="Front", Q29="REAR"), Q35 + 500 + Q36, "non-std.cabin depth" ) ) ) -> 2100 | R58: =IF(R35<>1800, "non-std.cabin depth", IF(OR(R29="Front + REAR", R29="FRONT + SIDE + REAR"), R35 + 650, IF(OR(R29="Front", R29="REAR"), R35 + 500 + R36, "non-std.cabin depth" ) ) ) -> non-std.cabin depth | S58: =IF(S35<>2700, "non-std.cabin depth", IF(OR(S29="Front + REAR", S29="FRONT + SIDE + REAR"), S35 + 650, IF(OR(S29="Front", S29="REAR"), S35 + 450 + S36, "non-std.cabin depth" ) ) ) -> 3350 | T58: =IF(T35<>2700, "non-std.cabin depth", IF(OR(T29="Front + REAR", T29="FRONT + SIDE + REAR"), T35 + 650, IF(OR(T29="Front", T29="REAR"), T35 + 450 + T36, "non-std.cabin depth" ) ) ) -> 3350 | U58: =IF(U35<>3000, "non-std.cabin depth", IF(OR(U29="Front + REAR", U29="FRONT + SIDE + REAR"), U35 + 650, IF(OR(U29="Front", U29="REAR"), U35 + 450 + U36, "non-std.cabin depth" ) ) ) -> 3650
A59: Shaft depth current planning | D59: [mm] | E59: yes | G59: - | H59: -
A60: Shaft head suggested | D60: [mm] | E60: yes | F60: Shaft0.HEAD | G60: yes | H60: - | K60: RULES BASED | M60: =ROUND(IF(M292>500,(IF(M22>1.6,M38+250+150+1100+300+0.035*M22*M22*1000,IF(M22<1.6,M38+100+100+1100+300+0.035*M22*M22*1000,M38+200+120+1100+300+0.035*M22*M22*1000))),IF(M22>1.6,M38+250+150+1000+0.035*M22*M22*1000,IF(M22<1.6,M38+100+100+1000+0.035*M22*M22*1000,M38+200+120+1000+0.035*M22*M22*1000))),0) -> 3710 | N60: =ROUND(IF(N292>500,(IF(N22>1.6,N38+250+150+1100+300+0.035*N22*N22*1000,IF(N22<1.6,N38+100+100+1100+300+0.035*N22*N22*1000,N38+200+120+1100+300+0.035*N22*N22*1000))),IF(N22>1.6,N38+250+150+1000+0.035*N22*N22*1000,IF(N22<1.6,N38+100+100+1000+0.035*N22*N22*1000,N38+200+120+1000+0.035*N22*N22*1000))),0) -> 3710 | O60: =ROUND(IF(O292>500,(IF(O22>1.6,O38+250+150+1100+300+0.035*O22*O22*1000,IF(O22<1.6,O38+100+100+1100+300+0.035*O22*O22*1000,O38+200+120+1100+300+0.035*O22*O22*1000))),IF(O22>1.6,O38+250+150+1000+0.035*O22*O22*1000,IF(O22<1.6,O38+100+100+1000+0.035*O22*O22*1000,O38+200+120+1000+0.035*O22*O22*1000))),0) -> 4035 | P60: =ROUND(IF(P292>500,(IF(P22>1.6,P38+250+150+1100+300+0.035*P22*P22*1000,IF(P22<1.6,P38+100+100+1100+300+0.035*P22*P22*1000,P38+200+120+1100+300+0.035*P22*P22*1000))),IF(P22>1.6,P38+250+150+1000+0.035*P22*P22*1000,IF(P22<1.6,P38+100+100+1000+0.035*P22*P22*1000,P38+200+120+1000+0.035*P22*P22*1000))),0) -> 4210 | Q60: =ROUND(IF(Q292>500,(IF(Q22>1.6,Q38+250+150+1100+300+0.035*Q22*Q22*1000,IF(Q22<1.6,Q38+100+100+1100+300+0.035*Q22*Q22*1000,Q38+200+120+1100+300+0.035*Q22*Q22*1000))),IF(Q22>1.6,Q38+250+150+1000+0.035*Q22*Q22*1000,IF(Q22<1.6,Q38+100+100+1000+0.035*Q22*Q22*1000,Q38+200+120+1000+0.035*Q22*Q22*1000))),0) -> 4135 | R60: =ROUND(IF(R292>500,(IF(R22>1.6,R38+250+150+1100+300+0.035*R22*R22*1000,IF(R22<1.6,R38+100+100+1100+300+0.035*R22*R22*1000,R38+200+120+1100+300+0.035*R22*R22*1000))),IF(R22>1.6,R38+250+150+1000+0.035*R22*R22*1000,IF(R22<1.6,R38+100+100+1000+0.035*R22*R22*1000,R38+200+120+1000+0.035*R22*R22*1000))),0) -> 4135 | S60: =ROUND(IF(S292>500,(IF(S22>1.6,S38+250+150+1100+300+0.035*S22*S22*1000,IF(S22<1.6,S38+100+100+1100+300+0.035*S22*S22*1000,S38+200+120+1100+300+0.035*S22*S22*1000))),IF(S22>1.6,S38+250+150+1000+0.035*S22*S22*1000,IF(S22<1.6,S38+100+100+1000+0.035*S22*S22*1000,S38+200+120+1000+0.035*S22*S22*1000))),0) -> 4210 | T60: =ROUND(IF(T292>500,(IF(T22>1.6,T38+250+150+1100+300+0.035*T22*T22*1000,IF(T22<1.6,T38+100+100+1100+300+0.035*T22*T22*1000,T38+200+120+1100+300+0.035*T22*T22*1000))),IF(T22>1.6,T38+250+150+1000+0.035*T22*T22*1000,IF(T22<1.6,T38+100+100+1000+0.035*T22*T22*1000,T38+200+120+1000+0.035*T22*T22*1000))),0) -> 4135 | U60: =ROUND(IF(U292>500,(IF(U22>1.6,U38+250+150+1100+300+0.035*U22*U22*1000,IF(U22<1.6,U38+100+100+1100+300+0.035*U22*U22*1000,U38+200+120+1100+300+0.035*U22*U22*1000))),IF(U22>1.6,U38+250+150+1000+0.035*U22*U22*1000,IF(U22<1.6,U38+100+100+1000+0.035*U22*U22*1000,U38+200+120+1000+0.035*U22*U22*1000))),0) -> 4135
A61: Shaft head current planning | D61: [mm] | E61: yes | G61: - | H61: -
A62: Shaft pit suggested | D62: [mm] | E62: yes | F62: Shaft0.PIT | G62: yes | H62: - | K62: RULES BASED | M62: =IF(M20<1600,IF(M22=2,1600,IF(M22=1,1200,IF(M22=1.6,1400,"non std. Speed"))),IF(M22=2,1800,IF(M22=1,1400,IF(M22=1.6,1600,"non std. Speed")))) -> 1400 | N62: =IF(N20<1600,IF(N22=2,1600,IF(N22=1,1200,IF(N22=1.6,1400,"non std. Speed"))),IF(N22=2,1800,IF(N22=1,1400,IF(N22=1.6,1600,"non std. Speed")))) -> 1400 | O62: =IF(O20<1600,IF(O22=2,1600,IF(O22=1,1200,IF(O22=1.6,1400,"non std. Speed"))),IF(O22=2,1800,IF(O22=1,1400,IF(O22=1.6,1600,"non std. Speed")))) -> 1200 | P62: =IF(P20<1600,IF(P22=2,1600,IF(P22=1,1200,IF(P22=1.6,1400,"non std. Speed"))),IF(P22=2,1800,IF(P22=1,1400,IF(P22=1.6,1600,"non std. Speed")))) -> 1400 | Q62: =IF(Q20<1600,IF(Q22=2,1600,IF(Q22=1,1200,IF(Q22=1.6,1400,"non std. Speed"))),IF(Q22=2,1800,IF(Q22=1,1400,IF(Q22=1.6,1600,"non std. Speed")))) -> 1400 | R62: =IF(R22=2,1850, IF(R22=1,1500,IF(R22=1.6,1700,"non std. Speed") )) -> 1500 | S62: =IF(S22=2,1850, IF(S22=1,1500,IF(S22=1.6,1700,"non std. Speed") )) -> 1700 | T62: =IF(T22=2,1850, IF(T22=1,1600,IF(T22=1.6,1800,"non std. Speed") )) -> 1600 | U62: =IF(U22=1,1600,"non std. Speed") -> 1600
A63: Shaft pit current planning | D63: [mm] | E63: yes | G63: - | H63: -
A64: Machine room width suggested | D64: [mm] | E64: yes | F64: yes,info | G64: yes | H64: -
A65: Machine room width current planning | D65: [mm] | E65: yes | G65: - | H65: -
A66: Machine room width suggested | D66: [mm] | E66: yes | F66: yes, info | G66: yes | H66: -
A67: Machine room width current planning | D67: [mm] | E67: yes | G67: - | H67: -
A68: Machine room height suggested | D68: [mm] | E68: yes | F68: yes, info | G68: yes | H68: -
A69: Machine room height current planning | D69: [mm] | E69: yes | G69: - | H69: -
A70: Lift vestibule width | D70: [mm] | E70: yes | F70: no | G70: - | H70: -
A71: Lift vestibule depth | D71: [mm] | E71: yes | F71: no | G71: - | H71: -
A73: Electrical & HVAC
A74: Drive/Motor location | D74: - | E74: yes | F74: yes, info | G74: yes | H74: - | M74: MRL top | N74: MRL top | O74: MRL top | P74: MRL top | Q74: MRL top | R74: MRL top | S74: MRL top | T74: MRL top | U74: MRL top
A75: Control / Operation panel location | D75: - | E75: yes | F75: yes, info | G75: yes | H75: -
A76: Number of trips per hour | D76: [1/h] | E76: yes | F76: no | G76: - | H76: -
A77: Drive/Motor type | D77: - | E77: yes | F77: no | G77: - | H77: - | M77: VVVF | N77: VVVF | O77: VVVF | P77: VVVF | Q77: VVVF | R77: VVVF | S77: VVVF | T77: VVVF | U77: VVVF
A78: Power grid voltage/type | D78: [V] | E78: yes | F78: no | G78: - | H78: - | M78: 400 | N78: 400 | O78: 400 | P78: 400 | Q78: 400 | R78: 400 | S78: 400 | T78: 400 | U78: 400
A79: Duty cycle (motor) | D79: [%] | E79: yes | F79: no | G79: - | H79: -
A80: Drive/Motor Power | D80: [kW] | E80: yes | F80: no | G80: - | H80: - | M80: =1.5*M21 -> 12 | N80: =1.5*N21 -> 19.5 | O80: =1.5*O21 -> 25.5 | P80: =1.5*P21 -> 27 | Q80: =1.5*Q21 -> 31.5 | R80: =1.5*R21 -> 37.5 | S80: =1.5*S21 -> 40.5 | T80: =1.5*T21 -> 49.5 | U80: =1.5*U21 -> 70.5
A81: Connected load | D81: [kVA] | E81: yes | F81: L_Projects.PROJ_USER_0 | G81: yes | H81: - | M81: =M80+1.5 -> 13.5 | N81: =N80+1.5 -> 21 | O81: =O80+1.5 -> 27 | P81: =P80+1.5 -> 28.5 | Q81: =Q80+1.5 -> 33 | R81: =R80+1.5 -> 39 | S81: =S80+1.5 -> 42 | T81: =T80+1.5 -> 51 | U81: =U80+1.5 -> 72
A82: Rated current | D82: [A] | E82: yes | F82: L_Projects.PROJ_USER_2 | G82: yes | H82: - | M82: =M80*1000/(400*1.732*0.85) -> 20.377666 | N82: =N80*1000/(400*1.732*0.85) -> 33.113707 | O82: =O80*1000/(400*1.732*0.85) -> 43.30254 | P82: =P80*1000/(400*1.732*0.85) -> 45.849749 | Q82: =Q80*1000/(400*1.732*0.85) -> 53.491373 | R82: =R80*1000/(400*1.732*0.85) -> 63.680206 | S82: =S80*1000/(400*1.732*0.85) -> 68.774623 | T82: =T80*1000/(400*1.732*0.85) -> 84.057873 | U82: =U80*1000/(400*1.732*0.85) -> 119.71879
A83: Starting current (factor ≈ 2) | D83: [A] | E83: yes | F83: no | G83: - | H83: - | M83: =M82*2 -> 40.755332 | N83: =N82*2 -> 66.227415 | O83: =O82*2 -> 86.605081 | P83: =P82*2 -> 91.699497 | Q83: =Q82*2 -> 106.98275 | R83: =R82*2 -> 127.36041 | S83: =S82*2 -> 137.54925 | T83: =T82*2 -> 168.11575 | U83: =U82*2 -> 239.43758
A84: Energy recovery | D84: [y/n] | E84: yes | F84: no | G84: - | H84: - | M84: yes | N84: yes | O84: yes | P84: yes | Q84: yes | R84: yes | S84: yes | T84: yes | U84: yes
A85: Diversity factor | D85: [-] | E85: yes | F85: no | G85: - | H85: - | M85: 0.7 | N85: 0.7 | O85: 0.7 | P85: 0.7 | Q85: 0.7 | R85: 0.7 | S85: 0.7 | T85: 0.7 | U85: 0.7
A86: Energy consumption | D86: [kWh] | E86: yes | F86: no | G86: - | H86: - | M86: =M80/100*M79 -> 0 | N86: =N80/100*N79 -> 0 | O86: =O80/100*O79 -> 0 | P86: =P80/100*P79 -> 0 | Q86: =Q80/100*Q79 -> 0 | R86: =R80/100*R79 -> 0 | S86: =S80/100*S79 -> 0 | T86: =T80/100*T79 -> 0 | U86: =U80/100*U79 -> 0
A87: Heat dissipation motor | D87: [kJ] | E87: yes | F87: L_Projects.PROJ_USER_3 | G87: yes | H87: - | M87: =0.5*M86*3600 -> 0 | N87: =0.5*N86*3600 -> 0 | O87: =0.5*O86*3600 -> 0 | P87: =0.5*P86*3600 -> 0 | Q87: =0.5*Q86*3600 -> 0 | R87: =0.5*R86*3600 -> 0 | S87: =0.5*S86*3600 -> 0 | T87: =0.5*T86*3600 -> 0 | U87: =0.5*U86*3600 -> 0
A88: Temperature machine room / shaft | D88: [°C] | E88: yes | F88: no | G88: - | H88: - | M88: 5-40 | N88: 5-40 | O88: 5-40 | P88: 5-40 | Q88: 5-40 | R88: 5-40 | S88: 5-40 | T88: 5-40 | U88: 5-40
A90: Mechanical Forces
A91: Rail weight car | D91: [kg/m] | E91: No | F91: no | G91: - | H91: - | L91: TBC | M91: 14 | N91: 14 | O91: 14 | P91: 14 | Q91: 14 | R91: 14 | S91: 18 | T91: 18 | U91: 18
A92: Force F1, F2 elevator rail segment | D92: [kN] | E92: No | F92: Shaft0.Car.Frame.GuideList0.Force0.FZ Shaft0.Car.Frame.GuideList1.Force0.FZ | G92: yes | H92: - | K92: same value for both LD codes | M92: =ROUND((M25/2*600+2.3*M20*9.81)/1000,0)+1 -> 21 | N92: =ROUND((N25/2*600+2.3*N20*9.81)/1000,0)+1 -> 24 | O92: =ROUND((O25/2*600+2.3*O20*9.81)/1000,0)+1 -> 30 | P92: =ROUND((P25/2*600+2.3*P20*9.81)/1000,0)+1 -> 31 | Q92: =ROUND((Q25/2*600+2.3*Q20*9.81)/1000,0)+1 -> 37 | R92: =ROUND((R25/2*600+2.3*R20*9.81)/1000,0)+1 -> 43 | S92: =ROUND((S25/2*600+2.3*S20*9.81)/1000,0)+1 -> 46 | T92: =ROUND((T25/2*600+2.3*T20*9.81)/1000,0)+1 -> 57 | U92: =ROUND((U25/2*600+2.3*U20*9.81)/1000,0)+1 -> 80
A93: number of car buffers | D93: [St.] | E93: No | F93: no | G93: - | H93: - | M93: 2 | N93: 2 | O93: 2 | P93: 2 | Q93: 2 | R93: 2 | S93: 2 | T93: 2 | U93: 2
A94: Force F3, each buffer | D94: [kN] | E94: No | F94: Shaft0.Car.Frame.Buffer0.Force0.FZ | G94: yes | H94: - | M94: =ROUND(2.3*M20*9.81/1000*4/M93,0)+1 -> 29 | N94: =ROUND(2.3*N20*9.81/1000*4/N93,0)+1 -> 46 | O94: =ROUND(2.3*O20*9.81/1000*4/O93,0)+1 -> 59 | P94: =ROUND(2.3*P20*9.81/1000*4/P93,0)+1 -> 62 | Q94: =ROUND(2.3*Q20*9.81/1000*4/Q93,0)+1 -> 73 | R94: =ROUND(2.3*R20*9.81/1000*4/R93,0)+1 -> 84 | S94: =ROUND(2.3*S20*9.81/1000*4/S93,0)+1 -> 91 | T94: =ROUND(2.3*T20*9.81/1000*4/T93,0)+1 -> 114 | U94: =ROUND(2.3*U20*9.81/1000*4/U93,0)+1 -> 159
A95: Counterweight safety gear | D95: [y/n] | E95: No | F95: no | G95: - | H95: - | L95: TBC | M95: yes | N95: no | O95: no | P95: no | Q95: no | R95: no | S95: no | T95: no | U95: no
A96: number of cwt buffers | D96: [St.] | E96: No | F96: no | G96: - | H96: - | M96: 2 | N96: 2 | O96: 2 | P96: 2 | Q96: 2 | R96: 2 | S96: 2 | T96: 2 | U96: 2
A97: Rail weight cwt | D97: [kg/m] | E97: No | F97: no | G97: - | H97: - | L97: TBC | M97: 4 | N97: 4 | O97: 4 | P97: 4 | Q97: 4 | R97: 4 | S97: 14 | T97: 14 | U97: 14
A98: Force F4, per counterweight rail segment | D98: [kN] | E98: No | F98: Shaft0.CW.Weight.GuideList0.Force0.FZ | G98: yes | H98: - | M98: =IF(M95="no",ROUND((M25/2.5*600)/1000,0)+1,ROUND((M25/2.5*600+1.7*M20*9.81)/1000,0)+1) -> 16 | N98: =IF(N95="no",ROUND((N25/2.5*600)/1000,0)+1,ROUND((N25/2.5*600+1.7*N20*9.81)/1000,0)+1) -> 1 | O98: =IF(O95="no",ROUND((O25/2.5*600)/1000,0)+1,ROUND((O25/2.5*600+1.7*O20*9.81)/1000,0)+1) -> 1 | P98: =IF(P95="no",ROUND((P25/2.5*600)/1000,0)+1,ROUND((P25/2.5*600+1.7*P20*9.81)/1000,0)+1) -> 1 | Q98: =IF(Q95="no",ROUND((Q25/2.5*600)/1000,0)+1,ROUND((Q25/2.5*600+1.7*Q20*9.81)/1000,0)+1) -> 1 | R98: =IF(R95="no",ROUND((R25/2.5*600)/1000,0)+1,ROUND((R25/2.5*600+1.7*R20*9.81)/1000,0)+1) -> 1 | S98: =IF(S95="no",ROUND((S25/2.5*600)/1000,0)+1,ROUND((S25/2.5*600+1.7*S20*9.81)/1000,0)+1) -> 1 | T98: =IF(T95="no",ROUND((T25/2.5*600)/1000,0)+1,ROUND((T25/2.5*600+1.7*T20*9.81)/1000,0)+1) -> 1 | U98: =IF(U95="no",ROUND((U25/2.5*600)/1000,0)+1,ROUND((U25/2.5*600+1.7*U20*9.81)/1000,0)+1) -> 1
A99: Force F5, per counterweight buffer | D99: [kN] | E99: No | F99: Shaft0.CW.Weight.Buffer0.Force0.FZ | G99: yes | H99: - | M99: =ROUND(1.7*M20*9.81/1000*4/M96,0) -> 21 | N99: =ROUND(1.7*N20*9.81/1000*4/N96,0) -> 33 | O99: =ROUND(1.7*O20*9.81/1000*4/O96,0) -> 43 | P99: =ROUND(1.7*P20*9.81/1000*4/P96,0) -> 45 | Q99: =ROUND(1.7*Q20*9.81/1000*4/Q96,0) -> 53 | R99: =ROUND(1.7*R20*9.81/1000*4/R96,0) -> 62 | S99: =ROUND(1.7*S20*9.81/1000*4/S96,0) -> 67 | T99: =ROUND(1.7*T20*9.81/1000*4/T96,0) -> 83 | U99: =ROUND(1.7*U20*9.81/1000*4/U96,0) -> 117
A100: Force F6, static shaft door | D100: [kN] | E100: No | F100: Shaft0.Entries1.UBolt.Force0.FZ | G100: yes | H100: - | M100: 20 | N100: 20 | O100: 20 | P100: 20 | Q100: 20 | R100: 20 | S100: 20 | T100: 20 | U100: 20
A101: Force F7, static counterweight | D101: [kN] | E101: No | F101: Shaft0.Entries2.UBolt.Force0.FZ | G101: yes | H101: - | M101: =ROUND(1.7*M20*9.81/1000,0)+1 -> 12 | N101: =ROUND(1.7*N20*9.81/1000,0)+1 -> 18 | O101: =ROUND(1.7*O20*9.81/1000,0)+1 -> 22 | P101: =ROUND(1.7*P20*9.81/1000,0)+1 -> 24 | Q101: =ROUND(1.7*Q20*9.81/1000,0)+1 -> 28 | R101: =ROUND(1.7*R20*9.81/1000,0)+1 -> 32 | S101: =ROUND(1.7*S20*9.81/1000,0)+1 -> 34 | T101: =ROUND(1.7*T20*9.81/1000,0)+1 -> 43 | U101: =ROUND(1.7*U20*9.81/1000,0)+1 -> 59
A102: Force F8, static cabin | D102: [kN] | E102: No | F102: Shaft0.Entries3.UBolt.Force0.FZ | G102: yes | H102: - | M102: =ROUND(2.3*M20*9.81/1000,0)+1 -> 15 | N102: =ROUND(2.3*N20*9.81/1000,0)+1 -> 24 | O102: =ROUND(2.3*O20*9.81/1000,0)+1 -> 30 | P102: =ROUND(2.3*P20*9.81/1000,0)+1 -> 31 | Q102: =ROUND(2.3*Q20*9.81/1000,0)+1 -> 37 | R102: =ROUND(2.3*R20*9.81/1000,0)+1 -> 43 | S102: =ROUND(2.3*S20*9.81/1000,0)+1 -> 46 | T102: =ROUND(2.3*T20*9.81/1000,0)+1 -> 57 | U102: =ROUND(2.3*U20*9.81/1000,0)+1 -> 80
A103: Force Fx, cabin rail | D103: [kN] | E103: No | F103: Shaft0.Car.Frame.GuideList0.Force0.FX | G103: yes | H103: - | M103: =ROUND((2*9.81*M20*0.2*M35/2/2500/1000)+0.1,1) -> 0.8 | N103: =ROUND((2*9.81*N20*0.2*N35/2/2500/1000)+0.1,1) -> 1.7 | O103: =ROUND((2*9.81*O20*0.2*O35/2/2500/1000)+0.1,1) -> 2.4 | P103: =ROUND((2*9.81*P20*0.2*P35/2/2500/1000)+0.1,1) -> 1.7 | Q103: =ROUND((2*9.81*Q20*0.2*Q35/2/2500/1000)+0.1,1) -> 2.1 | R103: =ROUND((2*9.81*R20*0.2*R35/2/2500/1000)+0.1,1) -> #VALUE! | S103: =ROUND((2*9.81*S20*0.2*S35/2/2500/1000)+0.1,1) -> 4.3 | T103: =ROUND((2*9.81*T20*0.2*T35/2/2500/1000)+0.1,1) -> 5.4 | U103: =ROUND((2*9.81*U20*0.2*U35/2/2500/1000)+0.1,1) -> 8.3
A104: Force Fy, cabint rail | D104: [kN] | E104: No | F104: Shaft0.Car.Frame.GuideList0.Force0.FY | G104: yes | H104: - | M104: =ROUND((2*9.81*M20*0.2*M34/2500/1000)+0.1,1) -> 1.2 | N104: =ROUND((2*9.81*N20*0.2*N34/2500/1000)+0.1,1) -> 1.8 | O104: =ROUND((2*9.81*O20*0.2*O34/2500/1000)+0.1,1) -> 2.5 | P104: =ROUND((2*9.81*P20*0.2*P34/2500/1000)+0.1,1) -> 4.3 | Q104: =ROUND((2*9.81*Q20*0.2*Q34/2500/1000)+0.1,1) -> 5.4 | R104: =ROUND((2*9.81*R20*0.2*R34/2500/1000)+0.1,1) -> #VALUE! | S104: =ROUND((2*9.81*S20*0.2*S34/2500/1000)+0.1,1) -> 4.8 | T104: =ROUND((2*9.81*T20*0.2*T34/2500/1000)+0.1,1) -> 7.2 | U104: =ROUND((2*9.81*U20*0.2*U34/2500/1000)+0.1,1) -> 11.6
A105: Force Fx, counterweight rail | D105: [kN] | E105: No | F105: Shaft0.CW.Weight.GuideList0.Force0.FX | G105: yes | H105: - | M105: =ROUND(IF(M95="no",1.2*9.81*1.5*M20*30/2/2000/1000,2*9.81*1.5*M20*30/2/2000/1000)+0.1,1) -> 0.2 | N105: =ROUND(IF(N95="no",1.2*9.81*1.5*N20*30/2/2000/1000,2*9.81*1.5*N20*30/2/2000/1000)+0.1,1) -> 0.2 | O105: =ROUND(IF(O95="no",1.2*9.81*1.5*O20*30/2/2000/1000,2*9.81*1.5*O20*30/2/2000/1000)+0.1,1) -> 0.3 | P105: =ROUND(IF(P95="no",1.2*9.81*1.5*P20*30/2/2000/1000,2*9.81*1.5*P20*30/2/2000/1000)+0.1,1) -> 0.3 | Q105: =ROUND(IF(Q95="no",1.2*9.81*1.5*Q20*30/2/2000/1000,2*9.81*1.5*Q20*30/2/2000/1000)+0.1,1) -> 0.3 | R105: =ROUND(IF(R95="no",1.2*9.81*1.5*R20*30/2/2000/1000,2*9.81*1.5*R20*30/2/2000/1000)+0.1,1) -> 0.3 | S105: =ROUND(IF(S95="no",1.2*9.81*1.5*S20*30/2/2000/1000,2*9.81*1.5*S20*30/2/2000/1000)+0.1,1) -> 0.4 | T105: =ROUND(IF(T95="no",1.2*9.81*1.5*T20*30/2/2000/1000,2*9.81*1.5*T20*30/2/2000/1000)+0.1,1) -> 0.4 | U105: =ROUND(IF(U95="no",1.2*9.81*1.5*U20*30/2/2000/1000,2*9.81*1.5*U20*30/2/2000/1000)+0.1,1) -> 0.6
A106: Force Fy, counterweight rail | D106: [kN] | E106: No | F106: Shaft0.CW.Weight.GuideList0.Force0.FY | G106: yes | H106: - | M106: =ROUND(IF(M95="no",1.2*9.81*1.5*M20*41/2000/1000,2*9.81*1.5*M20*41/2000/1000)+0.1,1) -> 0.5 | N106: =ROUND(IF(N95="no",1.2*9.81*1.5*N20*41/2000/1000,2*9.81*1.5*N20*41/2000/1000)+0.1,1) -> 0.5 | O106: =ROUND(IF(O95="no",1.2*9.81*1.5*O20*41/2000/1000,2*9.81*1.5*O20*41/2000/1000)+0.1,1) -> 0.6 | P106: =ROUND(IF(P95="no",1.2*9.81*1.5*P20*41/2000/1000,2*9.81*1.5*P20*41/2000/1000)+0.1,1) -> 0.6 | Q106: =ROUND(IF(Q95="no",1.2*9.81*1.5*Q20*41/2000/1000,2*9.81*1.5*Q20*41/2000/1000)+0.1,1) -> 0.7 | R106: =ROUND(IF(R95="no",1.2*9.81*1.5*R20*41/2000/1000,2*9.81*1.5*R20*41/2000/1000)+0.1,1) -> 0.8 | S106: =ROUND(IF(S95="no",1.2*9.81*1.5*S20*41/2000/1000,2*9.81*1.5*S20*41/2000/1000)+0.1,1) -> 0.8 | T106: =ROUND(IF(T95="no",1.2*9.81*1.5*T20*41/2000/1000,2*9.81*1.5*T20*41/2000/1000)+0.1,1) -> 1 | U106: =ROUND(IF(U95="no",1.2*9.81*1.5*U20*41/2000/1000,2*9.81*1.5*U20*41/2000/1000)+0.1,1) -> 1.4
...

Sheet revision
A1: Date | B1: Revised Cells | D1: Implemented
A2: 260320 | B2: M57:U57 | D2: TRUE
B3: P53,R53,S53,T53,U53 | D3: TRUE
B4: U33:U34 | D4: TRUE
D5: FALSE
A6: 260324 | B6: A233:U235 | D6: FALSE
A7: 260325 | B7: A236:U239 | D7: FALSE
A8: 260330 | B8: 114:117 | C8: Changed rows marked red | D8: TRUE
A9: 260407 | B9: 400,405,410,415 | C9: Formulas and Ld codes changed (simplified) | D9: FALSE

Sheet selection
A1: System category | B1: Traction - MRL | C1: Traction - MR | D1: Hydraulic MR | E1: Escalator
A2: Construction use | B2: yes | C2: no
A3: Counterweight location | B3: CWT-Left | C3: CWT-Right | D3: CWT-Rear | E3: no CWT
A4: Speed | B4: 1 | C4: 1.6 | D4: 2
A5: Access type | B5: Front | C5: Rear | D5: Front + Rear | E5: Front + Side | F5: Front + Side + Rear
A6: accessible rooms / cwt safety | B6: yes | C6: no
A7: Cabin type/shape | B7: Wide | C7: Deep
A8: Door type | B8: 2C | C8: 4C | D8: 6C | E8: 2L | F8: 2R
A9: Door fixation type | B9: insert rail 40/22 | C9: insert rail 50/30 | D9: anchor bolts | E9: steel structure
A10: Permissible sill load / Loading class | B10: ASME-A | C10: ASME-B | D10: ASME-C1 | E10: ASME-C2 | F10: EN81-40% | G10: EN81-60% | H10: EN81-85%
A11: LOP type and location | B11: in lift door frame L | C11: in lift door frame R | D11: flush wall panel L | E11: flush wall panel R | F11: wall-mounted panel L | G11: wall-mounted panel R
A12: LIP type and location | B12: door frame side vertical | C12: door frame above horizontal | D12: panel above horizontal | E12: panel side vertical
A13: Lift maintenance panel type | B13: inside door jamb | C13: segregated panel flush | D13: segregated panel wall-mounted
A14: Shaft equipment fixation type | B14: insert rail 40/22 | C14: insert rail 50/30 | D14: anchor bolts | E14: steel structure
A15: Dividing type | B15: structural wall | C15: beam
A16: Drive/Motor location | B16: MRL top | C16: Machine room top | D16: Machine room side | E16: Machine room bottom
A17: Drive/Motor type | B17: VVVF
A18: Power grid voltage/type | B18: 380 | C18: 400
A19: Energy recovery | B19: yes | C19: no
A20: Counterweight safety gear | B20: yes | C20: no
A21: EN81-28 emergency call | B21: yes | C21: no
A22: EN81-70 Accessibility | B22: yes | C22: no
A23: DIN EN17210 / 18040-1 Accessibility | B23: yes | C23: no
A24: EN81-71 Vandalism category | B24: 0 | C24: 1 | D24: 2 | E24: 3
A25: EN81-72 Firefighter elevator | B25: yes | C25: no
A26: EN81-73 Fire emergency return | B26: yes | C26: no
A27: EN81-76 Emergency Evacuation Type | B27: no | C27: yes, TYPE A | D27: yes, TYPE B
A28: EN81-77 Seismic category | B28: 0 | C28: 1 | D28: 2 | E28: 3
A29: FAS interfaces as per spec | B29: yes | C29: no
A30: Emergency power | B30: yes | C30: no
A31: Cascading evacuation control | B31: yes | C31: no
A32: Type of emergency power | B32: UPS | C32: Generator
A33: FCC panel interface as per spec | B33: yes | C33: no
A34: 2-way intercom firefighter lift | B34: yes | C34: no
A35: BMS interfaces as per spec | B35: yes | C35: no
A36: Lift monitoring | B36: yes | C36: no
A37: ICT/AV interfaces as per spec | B37: yes | C37: no
A38: In-car CCTV | B38: yes | C38: no
A39: Access Control interface as per spec | B39: yes | C39: no
A40: other Security interfaces as per spec. | B40: yes | C40: no
... A49: Automatic Rescue Device (ARD) | B49: yes | C49: no
A50: Air conditioning
A51: Misuse
A52: Full load
A53: Bypass
A54: Advanced door opening
A55: Levelling tolerance
A56: Relevelling range
A57: Permissible rope stretch
A58: Selective door control
A59: Access control
A60: Return to lobby function
A61: Priority key switch (car)
... A74: Induction loop (EN81-70)
A76: Door type/company | B76: Common component | C76: Meiller
A78: EN81-76 Evacuation functions | B78: Automatic | C78: Remote | D78: Assisted
A79: EN81-58 Fire rated landing doors | B79: yes | C79: no
A80: Green building certification compliance | B80: BREEAM | C80: LEED | D80: DGNB | E80: NABERS
A92: Standard domponent doors
I93: Meiller doors | K93: STS 16 | L93: TTS 18 | M93: TTS 22 | N93: TTS 25 | O93: TTS 25
A94: ENTRANCE DOORS RID NUMBER FINDER | C94: 2C | D94: 4C | E94: 6C | F94: 2L | G94: 2R | J94: Meiller doors | K94: 2C | L94: 4C | M94: 6C | N94: 2L | O94: 2R
B95: 700 | C95: 1 | D95: 8 | E95: 15 | F95: 43 | G95: 55 | J95: 700 | K95: 1400072 | N95: 1400681 | O95: 1400670
B96: 800 | C96: 2 | D96: 9 | E96: 16 | F96: 44 | G96: 56 | J96: 800 | K96: 1400073 | N96: 1400682 | O96: 1400671
B97: 900 | C97: 3 | D97: 10 | E97: 17 | F97: 45 | G97: 57 | J97: 900 | K97: 1400074 | N97: 1400683 | O97: 1400672
B98: 1000 | C98: 4 | D98: 11 | E98: 18 | F98: 46 | G98: 58 | J98: 1000 | K98: 1400075 | N98: 1400684 | O98: 1400673
B99: 1100 | C99: 5 | D99: 12 | E99: 19 | F99: 47 | G99: 59 | J99: 1100 | K99: 1400076 | N99: 1400685 | O99: 1400674
B100: 1200 | C100: 6 | D100: 13 | E100: 20 | F100: 48 | G100: 60 | J100: 1200 | K100: 1400077 | L100: 1400092 | N100: 1400686 | O100: 1400675
C101: no doors | D101: no doors | E101: no doors | F101: no doors | G101: no doors | J101: 1300 | K101: 1400078 | L101: 1400093 | N101: 1400687 | O101: 1400676
C102: no doors | D102: no doors | E102: no doors | F102: no doors | G102: no doors | J102: 1400 | K102: 1400079 | L102: 1400094 | M102: 1400128 | N102: 1400688 | O102: 1400677
B103: 1500 | C103: no doors | D103: 14 | E103: no doors | F103: no doors | G103: no doors | J103: 1500 | K103: 1400080 | L103: 1400095 | M103: 1400129 | N103: 1400689 | O103: 1400678
B104: 2000 | C104: 7 | D104: no doors | E104: 21 | F104: no doors | G104: no doors | J104: 1600 | K104: 1400081 | L104: 1400096 | M104: 1400130 | N104: 1400690 | O104: 1400679
J105: 1700 | L105: 1400097 | M105: 1400131 | N105: 1400691 | O105: 1400680
J106: 1800 | L106: 1400098 | M106: 1400132
B107: DOOR DEPTH (MM) | C107: 125 | D107: 150 | E107: 195 | F107: 150 | G107: 150 | J107: 1900 | L107: 1400099 | M107: 1400133
J108: 2000 | L108: 1400100 | M108: 1400134
A109: Suiting car doors | C109: 2C | D109: 4C | E109: 6C | F109: 2L | G109: 2R | J109: 2100 | L109: 1400101 | M109: 1400135
B110: 700 | C110: 22 | D110: 29 | E110: 36 | F110: 67 | G110: 79 | J110: 2200 | L110: 1400102 | M110: 1400136
B111: 800 | C111: 23 | D111: 30 | E111: 37 | F111: 68 | G111: 80
B112: 900 | C112: 24 | D112: 31 | E112: 38 | F112: 69 | G112: 81 | J112: door depth | K112: 120 | L112: 120 | M112: 180 | N112: 98.5 | O112: 98.5
B113: 1000 | C113: 25 | D113: 32 | E113: 39 | F113: 70 | G113: 82
A114: RED = CUSTOM, AFTER THE UPDATE OF LD RID NUMBERS MAY CHANGE | B114: 1100 | C114: 26 | D114: 33 | E114: 40 | F114: 71 | G114: 83 | K114: STK 16 | L114: TTK 18 | M114: TTK 22 | N114: TTK 25 | O114: TTK25
B115: 1200 | C115: 27 | D115: 34 | E115: 41 | F115: 72 | G115: 84 | J115: Cabin doors | K115: 2C | L115: 4C | M115: 6C | N115: 2L | O115: 2R
B116: 1300 | C116: no doors | D116: 244 | E116: no doors | F116: no doors | G116: no doors | J116: 700 | K116: 1400082 | N116: 1400346 | O116: 1400280
B117: 1400 | C117: no doors | D117: 245 | E117: no doors | F117: no doors | G117: no doors | J117: 800 | K117: 1400083 | N117: 1400347 | O117: 1400337
C118: no doors | D118: no doors | E118: no doors | F118: no doors | G118: no doors | J118: 900 | K118: 1400084 | N118: 1400348 | O118: 1400338
B119: 2000 | C119: 28 | D119: 35 | E119: 42 | F119: no doors | G119: no doors | J119: 1000 | K119: 1400085 | N119: 1400349 | O119: 1400339
J120: 1100 | K120: 1400086 | N120: 1400350 | O120: 1400340
A121: DT_S_Y | B121: Door depth (mm); | C121: 90 | D121: 90 | E121: 135 | F121: 90 | G121: 90 | J121: 1200 | K121: 1400087 | L121: 1400105 | N121: 1400351 | O121: 1400341
J122: 1300 | K122: 1400088 | L122: 1400106 | N122: 1400352 | O122: 1400342
J123: 1400 | K123: 1400089 | L123: 1400107 | M123: 1400147 | N123: 1400353 | O123: 1400343
J124: 1500 | K124: 1400090 | L124: 1400108 | M124: 1400148 | N124: 1400354 | O124: 1400344
J125: 1600 | K125: 1400091 | L125: 1400109 | M125: 1400149 | N125: 1400355 | O125: 1400345
J126: 1700 | L126: 1400110 | M126: 1400150 | N126: 1400693 | O126: 1400346
J127: 1800 | L127: 1400111 | M127: 1400151
J128: 1900 | L128: 1400112 | M128: 1400152
J129: 2000 | L129: 1400113 | M129: 1400153
J130: 2100 | L130: 1400114 | M130: 1400154
A131: Car rail name | B131: T90(75) | C131: T125(82) | D131: T127(89) | J131: 2200 | L131: 1400115 | M131: 1400155
A132: Car rail RID | B132: 12 | C132: 13 | D132: 14
A134: Ctw Rail Name | B134: T75 | C134: T90 | D134: T125 | J134: door depth | K134: 91 | L134: 91 | M134: 135 | N134: 93 | O134: 93
...

Sheet info
A1: Levels, names, entrances guide
K3: 0 - no entrance
K4: 1 - front entrance
K5: 2- rear entrance
K6: 3- both entrance
A7: LVL names | B7: Front entrances | C7: height | D7: Rear entrances | G7: Level height code | H7: value (height) | J7: Lift entrances code | K7: values : | M7: Lvl name codes | N7: Value (Lvl name)
B8: FALSE | D8: FALSE
B9: FALSE | D9: FALSE
B10: FALSE | D10: FALSE
B11: FALSE | D11: FALSE
B12: FALSE | D12: FALSE
B13: FALSE | D13: FALSE
B14: FALSE | D14: FALSE
A15: L07 | B15: TRUE | C15: 20000 | D15: TRUE | G15: FLL.Level6.Z_POT | H15: 20000 | J15: FLL.Level6.SERVICE0 | K15: 3 | M15: FLL.Level6.DESC | N15: L07
A16: L06 | B16: FALSE | C16: 15000 | D16: FALSE | G16: FLL.Level5.Z_POT | H16: 15000 | J16: FLL.Level5.SERVICE0 | K16: 0 | M16: FLL.Level5.DESC | N16: L06
A17: L05 | B17: TRUE | C17: 10000 | D17: TRUE | G17: FLL.Level4.Z_POT | H17: 10000 | J17: FLL.Level4.SERVICE0 | K17: 3 | M17: FLL.Level4.DESC | N17: L05
A18: L04 | B18: FALSE | C18: 5000 | D18: TRUE | G18: FLL.Level3.Z_POT | H18: 5000 | J18: FLL.Level3.SERVICE0 | K18: 2 | M18: FLL.Level3.DESC | N18: L04
A19: L03 | B19: TRUE | C19: 0 | D19: TRUE | G19: FLL.Level2.Z_POT | H19: 0 | J19: FLL.Level2.SERVICE0 | K19: 3 | M19: FLL.Level2.DESC | N19: L03
A20: L02 | B20: TRUE | C20: -5000 | D20: TRUE | G20: FLL.Level1.Z_POT | H20: -5000 | J20: FLL.Level1.SERVICE0 | K20: 3 | M20: FLL.Level1.DESC | N20: L02
A21: L00 | B21: TRUE | C21: -10000 | D21: FALSE | G21: FLL.Level0.Z_POT | H21: -10000 | J21: FLL.Level0.SERVICE0 | K21: 1 | M21: FLL.Level0.DESC | N21: L00
A26: Exporting second shaft
A27: *we need an option to export and import data of shaft as a second or third one in a set
A28: To correctly export data of second shaft Shaft0. needs to be replaced by Shaft1. or Shaft2. in every single code
A29: * there is exception. If we export second shaft we need to perform changes :
A31: if we export as a Shaft1.
A32: L_Projects.PROJ_USER_0 | D32: with | E32: L_Projects.PROJ_USER_4
A33: L_Projects.PROJ_USER_2 | D33: with | E33: L_Projects.PROJ_USER_5
A34: L_Projects.PROJ_USER_3 | D34: with | E34: L_Projects.PROJ_USER_6
A35: if we export as a Shaft2.
A36: L_Projects.PROJ_USER_0 | D36: with | E36: L_Projects.PROJ_USER_7
A37: L_Projects.PROJ_USER_2 | D37: with | E37: L_Projects.PROJ_USER_8
A38: L_Projects.PROJ_USER_3 | D38: with | E38: L_Projects.PROJ_USER_9
A39: If we export as a Shaft3.
A40: L_Projects.PROJ_USER_0 | D40: with | E40: L_Projects.PROJ_USER_10
A41: L_Projects.PROJ_USER_2 | D41: with | E41: L_Projects.PROJ_USER_11
A42: L_Projects.PROJ_USER_3 | D42: with | E42: L_Projects.PROJ_USER_12
A48: Shaft depth:
A49: We have 3 options right now: Front, Rear or Front + Rear
A50: depending on which one we picked in row 28 the diferent sets we should export (our sets are fron 287 to 324)
A54: Outside export file that will be ready to put info LD we should also have a table/paper that will have all the information that is impossible to import to LD and we need to do manualy. Also this paper will have the same informations that export should have. (Lift designer likes to not change stuff properly so to perform doubble check)

Sheet Tabelle1
C6: Speed | E6: YES/NO
C7: 1 | E7: Ja/Yes
C8: 1.6 | E8: Nein/No
C9: 2
C10: 2.5
